{
  "project_info": {
    "project_number": "YOUR_PROJECT_NUMBER",
    "firebase_url": "YOUR_FIREBASE_URL",
    "project_id": "restaurant-management-system",
    "storage_bucket": "restaurant-management-system.appspot.com"
  },
  "client": [
    {
      "client_info": {
        "mobilesdk_app_id": "YOUR_MOBILE_SDK_APP_ID",
        "android_client_info": {
          "package_name": "com.spu.restaurantmanagementsystem"
        }
      },
      "oauth_client": [],
      "api_key": [
        {
          "current_key": "YOUR_API_KEY"
        }
      ],
      "services": {
        "appinvite_service": {
          "other_platform_oauth_client": []
        }
      }
    }
  ],
  "configuration_version": "1"
}